Lockdown,Vaccination,Total Utility,Utility,Cost of Loss of Lives
1,1,76.06301643554954,18.850646980015213,-57.21236945553432
