Lockdown,Vaccination,Total Utility,Utility,Cost of Loss of Lives
1,1,80.44997958979923,23.24176961295104,-57.20820997684819
